{
  "scenario": "single_student_30_days",
  "goal_id": "surah:1",
  "target_days": 30,
  "base_seed": 42,
  "variants": [
    {
      "variant": "iqrah_default",
      "students": 10,
      "metrics": {
        "final_score_mean": 0.6542857142857142,
        "final_score_std": 0.04507489358552089,
        "final_score_median": 0.6571428571428571,
        "retention_per_minute_mean": 0.5247563158672304,
        "retention_per_minute_std": 0.2054003909044601,
        "coverage_pct_mean": 0.7714285714285714,
        "coverage_pct_std": 0.22537446792760443,
        "plan_faithfulness_mean": 1.0,
        "days_to_mastery_mean": null,
        "days_to_mastery_count": 0,
        "gave_up_fraction": 0.0,
        "total_students": 10,
        "coverage_t_mean": 0.7714285714285714,
        "mean_r_t_mean": 0.8710307027351065,
        "rpm_t_mean": 0.5247563158672304,
        "rpm_short_mean": null,
        "coverage_acq_mean": 0.7714285714285714,
        "mean_r_acq_mean": 0.9231430010351348
      },
      "ci_stats": {
        "final_score": {
          "mean": 0.6542857142857142,
          "std": 0.04507489358552089,
          "ci_lower": 0.6263480057978021,
          "ci_upper": 0.6822234227736264,
          "n": 10
        },
        "retention_per_minute": {
          "mean": 0.5247563158672304,
          "std": 0.2054003909044601,
          "ci_lower": 0.39744783462801314,
          "ci_upper": 0.6520647971064476,
          "n": 10
        },
        "coverage_pct": {
          "mean": 0.7714285714285714,
          "std": 0.22537446792760443,
          "ci_lower": 0.6317400289890109,
          "ci_upper": 0.9111171138681318,
          "n": 10
        },
        "plan_faithfulness": {
          "mean": 1.0,
          "std": 0.0,
          "ci_lower": 1.0,
          "ci_upper": 1.0,
          "n": 10
        }
      }
    },
    {
      "variant": "baseline_random",
      "students": 10,
      "metrics": {
        "final_score_mean": 0.5740916058436019,
        "final_score_std": 0.03462654757846527,
        "final_score_median": 0.5601546851861076,
        "retention_per_minute_mean": 0.08575504431804333,
        "retention_per_minute_std": 0.005420567520162246,
        "coverage_pct_mean": 1.0,
        "coverage_pct_std": 0.0,
        "plan_faithfulness_mean": 0.3107142857142858,
        "days_to_mastery_mean": null,
        "days_to_mastery_count": 0,
        "gave_up_fraction": 0.0,
        "total_students": 10,
        "coverage_t_mean": 1.0,
        "mean_r_t_mean": 0.994472629444342,
        "rpm_t_mean": 0.08575504431804333,
        "rpm_short_mean": null,
        "coverage_acq_mean": 1.0,
        "mean_r_acq_mean": 0.9973890647593275
      },
      "ci_stats": {
        "final_score": {
          "mean": 0.5740916058436019,
          "std": 0.03462654757846527,
          "ci_lower": 0.5526298493037988,
          "ci_upper": 0.595553362383405,
          "n": 10
        },
        "retention_per_minute": {
          "mean": 0.08575504431804333,
          "std": 0.005420567520162246,
          "ci_lower": 0.08239534176145243,
          "ci_upper": 0.08911474687463423,
          "n": 10
        },
        "coverage_pct": {
          "mean": 1.0,
          "std": 0.0,
          "ci_lower": 1.0,
          "ci_upper": 1.0,
          "n": 10
        },
        "plan_faithfulness": {
          "mean": 0.3107142857142858,
          "std": 0.17581201308664382,
          "ci_lower": 0.20174487104515337,
          "ci_upper": 0.4196837003834182,
          "n": 10
        }
      }
    }
  ],
  "significance_results": [
    {
      "variant_a": "iqrah_default",
      "variant_b": "baseline_random",
      "metric": "final_score",
      "p_value": 0.00034839903731049,
      "a_greater": true
    }
  ]
}